"DateTime","Players","Average Players"
"2025-03-04 00:00:00",187059,108586
"2025-03-05 00:00:00",157463,93993
"2025-03-06 00:00:00",153915,89453
"2025-03-07 00:00:00",159087,94709
"2025-03-08 00:00:00",174497,114321
"2025-03-09 00:00:00",176749,115728
"2025-03-10 00:00:00",156109,88262
"2025-03-11 00:00:00",152632,84965
"2025-03-12 00:00:00",144490,81496
"2025-03-13 00:00:00",149779,82167
"2025-03-14 00:00:00",148052,86443
"2025-03-15 00:00:00",159897,101660
"2025-03-16 00:00:00",157603,101311
"2025-03-17 00:00:00",137556,76732
"2025-03-18 00:00:00",132044,73688
"2025-03-19 00:00:00",125355,70159
"2025-03-20 00:00:00",125956,70342
"2025-03-21 00:00:00",128950,74378
"2025-03-22 00:00:00",137021,87848
"2025-03-23 00:00:00",131327,85895
"2025-03-24 00:00:00",112242,63875
"2025-03-25 00:00:00",106865,60265
"2025-03-26 00:00:00",102160,57643
"2025-03-27 00:00:00",102637,58454
"2025-03-28 00:00:00",108495,62472
"2025-03-29 00:00:00",118241,75533
"2025-03-30 00:00:00",114745,73175
"2025-03-31 00:00:00",98360,54842
"2025-04-01 00:00:00",92172,50983
"2025-04-02 00:00:00",88042,49196
"2025-04-03 00:00:00",90570,52192
"2025-04-04 00:00:00",89713,57285
"2025-04-05 00:00:00",94288,62171
"2025-04-06 00:00:00",93498,60339
"2025-04-07 00:00:00",80818,45518
"2025-04-08 00:00:00",78413,43777
"2025-04-09 00:00:00",75055,42153
"2025-04-10 00:00:00",75664,41895
"2025-04-11 00:00:00",82236,45853
"2025-04-12 00:00:00",89984,56985
"2025-04-13 00:00:00",83777,54182
"2025-04-14 00:00:00",72217,40282
"2025-04-15 00:00:00",70196,38940
"2025-04-16 00:00:00",68189,38442
"2025-04-17 00:00:00",70947,40838
"2025-04-18 00:00:00",78069,46378
"2025-04-19 00:00:00",78463,51479
"2025-04-20 00:00:00",72885,49735
"2025-04-21 00:00:00",69824,41297
"2025-04-22 00:00:00",65594,38191
"2025-04-23 00:00:00",64682,37507
"2025-04-24 00:00:00",67224,38799
"2025-04-25 00:00:00",70203,41373
"2025-04-26 00:00:00",71921,47664
"2025-04-27 00:00:00",72264,45114
"2025-04-28 00:00:00",60980,36069
"2025-04-29 00:00:00",58388,34899
"2025-04-30 00:00:00",58030,36059
"2025-05-01 00:00:00",62103,42717
"2025-05-02 00:00:00",60540,41483
"2025-05-03 00:00:00",64877,45167
"2025-05-04 00:00:00",69210,47071
"2025-05-05 00:00:00",58517,38760
"2025-05-06 00:00:00",55570,34663
"2025-05-07 00:00:00",60480,36483
"2025-05-08 00:00:00",71938,42044
"2025-05-09 00:00:00",78300,48013
"2025-05-10 00:00:00",87413,59178
"2025-05-11 00:00:00",85570,59778
"2025-05-12 00:00:00",72076,45921
"2025-05-13 00:00:00",71164,44978
"2025-05-14 00:00:00",70099,45147
"2025-05-15 00:00:00",68154,44414
"2025-05-16 00:00:00",72007,45926
"2025-05-17 00:00:00",80766,56719
"2025-05-18 00:00:00",80403,58076
"2025-05-19 00:00:00",67593,44263
"2025-05-20 00:00:00",63228,41481
"2025-05-21 00:00:00",61820,40368
"2025-05-22 00:00:00",65258,41457
"2025-05-23 00:00:00",69703,44269
"2025-05-24 00:00:00",75300,52650
"2025-05-25 00:00:00",73657,52525
"2025-05-26 00:00:00",63933,42168
"2025-05-27 00:00:00",61205,39424
"2025-05-28 00:00:00",60422,39068
"2025-05-29 00:00:00",63439,40766
"2025-05-30 00:00:00",64043,41815
"2025-05-31 00:00:00",66695,48083
"2025-06-01 00:00:00",68780,49529
"2025-06-02 00:00:00",58206,40441
"2025-06-03 00:00:00",56692,36674
"2025-06-04 00:00:00",56658,35774
"2025-06-05 00:00:00",64039,39465
"2025-06-06 00:00:00",66438,42373
"2025-06-07 00:00:00",72172,49244
"2025-06-08 00:00:00",70660,49336
"2025-06-09 00:00:00",62378,39788
"2025-06-10 00:00:00",57248,36697
"2025-06-11 00:00:00",55708,36036
"2025-06-12 00:00:00",56188,36098
"2025-06-13 00:00:00",59391,38433
"2025-06-14 00:00:00",67114,46435
"2025-06-15 00:00:00",67420,47610
"2025-06-16 00:00:00",61544,40077
"2025-06-17 00:00:00",73557,45562
"2025-06-18 00:00:00",70350,46153
"2025-06-19 00:00:00",72272,47361
"2025-06-20 00:00:00",72500,47186
"2025-06-21 00:00:00",75583,52397
"2025-06-22 00:00:00",75858,53419
"2025-06-23 00:00:00",66562,44331
"2025-06-24 00:00:00",65502,43438
"2025-06-25 00:00:00",63525,42056
"2025-06-26 00:00:00",65733,43117
"2025-06-27 00:00:00",65349,43405
"2025-06-28 00:00:00",68093,47665
"2025-06-29 00:00:00",68186,48628
"2025-06-30 00:00:00",61509,41496
"2025-07-01 00:00:00",60370,40526
"2025-07-02 00:00:00",58872,39494
"2025-07-03 00:00:00",61013,40620
"2025-07-04 00:00:00",62755,42114
"2025-07-05 00:00:00",64156,44882
"2025-07-06 00:00:00",66482,47172
"2025-07-07 00:00:00",60367,40875
"2025-07-08 00:00:00",59263,39925
"2025-07-09 00:00:00",58844,39743
"2025-07-10 00:00:00",60126,40037
"2025-07-11 00:00:00",59940,40011
"2025-07-12 00:00:00",61484,43177
"2025-07-13 00:00:00",63611,44705
"2025-07-14 00:00:00",57600,39162
"2025-07-15 00:00:00",57773,38252
"2025-07-16 00:00:00",56190,37808
"2025-07-17 00:00:00",57707,38288
"2025-07-18 00:00:00",57760,38612
"2025-07-19 00:00:00",60836,42117
"2025-07-20 00:00:00",63578,44475
"2025-07-21 00:00:00",59086,39537
"2025-07-22 00:00:00",58514,38618
"2025-07-23 00:00:00",57089,38172
"2025-07-24 00:00:00",58233,38287
"2025-07-25 00:00:00",56572,38066
"2025-07-26 00:00:00",57921,40300
"2025-07-27 00:00:00",60266,42309
"2025-07-28 00:00:00",56038,37556
"2025-07-29 00:00:00",55626,36804
"2025-07-30 00:00:00",53850,35959
"2025-07-31 00:00:00",54610,36403
"2025-08-01 00:00:00",54094,36277
"2025-08-02 00:00:00",55944,38796
"2025-08-03 00:00:00",58009,40552
"2025-08-04 00:00:00",53733,35655
"2025-08-05 00:00:00",52540,34894
"2025-08-06 00:00:00",51158,33848
"2025-08-07 00:00:00",51534,33825
"2025-08-08 00:00:00",50796,33584
"2025-08-09 00:00:00",51946,36015
"2025-08-10 00:00:00",54705,37642
"2025-08-11 00:00:00",51292,33479
"2025-08-12 00:00:00",48281,32565
"2025-08-13 00:00:00",49110,32306
"2025-08-14 00:00:00",53044,33755
"2025-08-15 00:00:00",55949,36399
"2025-08-16 00:00:00",60602,41258
"2025-08-17 00:00:00",64940,44396
"2025-08-18 00:00:00",62118,39998
"2025-08-19 00:00:00",63131,40106
"2025-08-20 00:00:00",64135,40987
"2025-08-21 00:00:00",70621,44612
"2025-08-22 00:00:00",72734,46672
"2025-08-23 00:00:00",76119,51646
"2025-08-24 00:00:00",79930,54180
"2025-08-25 00:00:00",73507,46345
"2025-08-26 00:00:00",71806,45669
"2025-08-27 00:00:00",71806,45265
"2025-08-28 00:00:00",74468,46073
"2025-08-29 00:00:00",72257,46618
"2025-08-30 00:00:00",75356,50312
"2025-08-31 00:00:00",74855,50355
"2025-09-01 00:00:00",66823,42117
"2025-09-02 00:00:00",64099,38976
"2025-09-03 00:00:00",60915,37245
"2025-09-04 00:00:00",61394,36928
"2025-09-05 00:00:00",64525,38710
"2025-09-06 00:00:00",70209,46380
"2025-09-07 00:00:00",69157,46860
"2025-09-08 00:00:00",60035,35586
"2025-09-09 00:00:00",58859,34268
"2025-09-10 00:00:00",56161,33115
"2025-09-11 00:00:00",63854,36073
"2025-09-12 00:00:00",66682,39246
"2025-09-13 00:00:00",73582,46955
"2025-09-14 00:00:00",72984,48276
"2025-09-15 00:00:00",60167,35645
"2025-09-16 00:00:00",59778,34417
"2025-09-17 00:00:00",56414,32580
"2025-09-18 00:00:00",57993,33012
"2025-09-19 00:00:00",60105,35342
"2025-09-20 00:00:00",65577,42838
"2025-09-21 00:00:00",65325,42800
"2025-09-22 00:00:00",54357,31880
"2025-09-23 00:00:00",56286,31534
"2025-09-24 00:00:00",53455,32117
"2025-09-25 00:00:00",52052,30209
"2025-09-26 00:00:00",55077,32338
"2025-09-27 00:00:00",57561,38362
"2025-09-28 00:00:00",58687,37037
"2025-09-29 00:00:00",48108,29417
"2025-09-30 00:00:00",51672,31204
"2025-10-01 00:00:00",52234,33952
"2025-10-02 00:00:00",59044,37407
"2025-10-03 00:00:00",60946,40109
"2025-10-04 00:00:00",67593,45616
"2025-10-05 00:00:00",71167,47175
"2025-10-06 00:00:00",61018,40038
"2025-10-07 00:00:00",61559,38123
"2025-10-08 00:00:00",63205,38113
"2025-10-09 00:00:00",66005,36786
"2025-10-10 00:00:00",67445,38466
"2025-10-11 00:00:00",75302,44648
"2025-10-12 00:00:00",74789,47217
"2025-10-13 00:00:00",64409,35993
"2025-10-14 00:00:00",63872,34756
"2025-10-15 00:00:00",62802,34349
"2025-10-16 00:00:00",66112,35811
"2025-10-17 00:00:00",70063,40313
"2025-10-18 00:00:00",76309,48713
"2025-10-19 00:00:00",75879,48185
"2025-10-20 00:00:00",66466,36977
"2025-10-21 00:00:00",65030,35953
"2025-10-22 00:00:00",63226,35208
"2025-10-23 00:00:00",68981,37270
"2025-10-24 00:00:00",72436,42018
"2025-10-25 00:00:00",76008,49017
"2025-10-26 00:00:00",75555,48792
"2025-10-27 00:00:00",63745,36936
"2025-10-28 00:00:00",62309,35923
"2025-10-29 00:00:00",60518,35531
"2025-10-30 00:00:00",62175,36150
"2025-10-31 00:00:00",64988,37797
"2025-11-01 00:00:00",69715,44898
"2025-11-02 00:00:00",68407,44659
"2025-11-03 00:00:00",58376,34131
"2025-11-04 00:00:00",57006,33148
"2025-11-05 00:00:00",53725,31153
"2025-11-06 00:00:00",66474,36563
"2025-11-07 00:00:00",70539,41548
"2025-11-08 00:00:00",75490,49997
"2025-11-09 00:00:00",74509,49163
"2025-11-10 00:00:00",62551,37200
"2025-11-11 00:00:00",63257,37131
"2025-11-12 00:00:00",59895,35458
"2025-11-13 00:00:00",67380,38383
"2025-11-14 00:00:00",70143,42722
"2025-11-15 00:00:00",77454,51582
"2025-11-16 00:00:00",77233,51351
"2025-11-17 00:00:00",62912,38210
"2025-11-18 00:00:00",61712,36629
"2025-11-19 00:00:00",60295,35963
"2025-11-20 00:00:00",72328,41098
"2025-11-21 00:00:00",82031,49135
"2025-11-22 00:00:00",94922,62005
"2025-11-23 00:00:00",97718,63506
"2025-11-24 00:00:00",81098,48782
"2025-11-25 00:00:00",81124,48086
"2025-11-26 00:00:00",82889,49291
"2025-11-27 00:00:00",89804,53853
"2025-11-28 00:00:00",94581,58833
"2025-11-29 00:00:00",101161,68812
"2025-11-30 00:00:00",101230,67884
"2025-12-01 00:00:00",86110,51966
"2025-12-02 00:00:00",86744,51671
"2025-12-03 00:00:00",85838,51406
"2025-12-04 00:00:00",84445,51039
"2025-12-05 00:00:00",86352,54281
"2025-12-06 00:00:00",102428,70001
"2025-12-07 00:00:00",102457,71388
"2025-12-08 00:00:00",91229,57547
"2025-12-09 00:00:00",93908,59175
"2025-12-10 00:00:00",151971,83598
"2025-12-11 00:00:00",131383,84987
"2025-12-12 00:00:00",132972,86134
"2025-12-13 00:00:00",148597,102904
"2025-12-14 00:00:00",146382,102706
"2025-12-15 00:00:00",121200,80125
"2025-12-16 00:00:00",116421,77189
"2025-12-17 00:00:00",113794,75523
"2025-12-18 00:00:00",127528,81462
"2025-12-19 00:00:00",132504,87252
"2025-12-20 00:00:00",139724,98662
"2025-12-21 00:00:00",141227,99545
"2025-12-22 00:00:00",129185,85550
"2025-12-23 00:00:00",139310,88339
"2025-12-24 00:00:00",131667,86992
"2025-12-25 00:00:00",123275,83947
"2025-12-26 00:00:00",126918,85068
"2025-12-27 00:00:00",129116,91872
"2025-12-28 00:00:00",126064,91055
"2025-12-29 00:00:00",114976,79944
"2025-12-30 00:00:00",114859,80029
"2025-12-31 00:00:00",104920,74676
"2026-01-01 00:00:00",112289,81978
"2026-01-02 00:00:00",116310,85861
"2026-01-03 00:00:00",114847,85682
"2026-01-04 00:00:00",116300,83647
"2026-01-05 00:00:00",103147,72443
"2026-01-06 00:00:00",101810,69520
"2026-01-07 00:00:00",96484,65858
"2026-01-08 00:00:00",99361,67516
"2026-01-09 00:00:00",108173,73154
"2026-01-10 00:00:00",116825,84323
"2026-01-11 00:00:00",115276,83649
"2026-01-12 00:00:00",91441,64694
"2026-01-13 00:00:00",87796,61172
"2026-01-14 00:00:00",85462,59501
"2026-01-15 00:00:00",87502,60718
"2026-01-16 00:00:00",92712,64164
"2026-01-17 00:00:00",103063,74890
"2026-01-18 00:00:00",102890,75610
"2026-01-19 00:00:00",84586,61796
"2026-01-20 00:00:00",82434,58278
"2026-01-21 00:00:00",80979,56355
"2026-01-22 00:00:00",81030,55737
"2026-01-23 00:00:00",86230,59790
"2026-01-24 00:00:00",99314,72377
"2026-01-25 00:00:00",104836,77372
"2026-01-26 00:00:00",88530,64826
"2026-01-27 00:00:00",87431,61836
"2026-01-28 00:00:00",86966,60374
"2026-01-29 00:00:00",91547,62459
"2026-01-30 00:00:00",94854,66046
"2026-01-31 00:00:00",104180,75196
"2026-02-01 00:00:00",57412,78806
"2026-02-01 01:00:00",55855,78521
"2026-02-01 02:00:00",59972,78283
"2026-02-01 03:00:00",63164,77946
"2026-02-01 04:00:00",65602,77491
"2026-02-01 05:00:00",68709,76915
"2026-02-01 06:00:00",70973,76224
"2026-02-01 07:00:00",73175,75476
"2026-02-01 08:00:00",75304,74700
"2026-02-01 09:00:00",77284,73886
"2026-02-01 10:00:00",82071,73039
"2026-02-01 11:00:00",91229,72175
"2026-02-01 12:00:00",100008,71299
"2026-02-01 13:00:00",105659,70489
"2026-02-01 14:00:00",106260,69739
"2026-02-01 15:00:00",104677,69002
"2026-02-01 16:00:00",98868,68295
"2026-02-01 17:00:00",91529,67581
"2026-02-01 18:00:00",87615,66890
"2026-02-01 19:00:00",84525,66225
"2026-02-01 20:00:00",79756,65560
"2026-02-01 21:00:00",71704,64930
"2026-02-01 22:00:00",63679,64384
"2026-02-01 23:00:00",56305,63887
"2026-02-02 00:00:00",51298,63507
"2026-02-02 01:00:00",50758,63236
"2026-02-02 02:00:00",52384,63089
"2026-02-02 03:00:00",52624,62981
"2026-02-02 04:00:00",52020,62864
"2026-02-02 05:00:00",52223,62760
"2026-02-02 06:00:00",52995,62680
"2026-02-02 07:00:00",54397,62610
"2026-02-02 08:00:00",55490,62529
"2026-02-02 09:00:00",56453,62462
"2026-02-02 10:00:00",60495,62388
"2026-02-02 11:00:00",69035,62294
"2026-02-02 12:00:00",79170,62212
"2026-02-02 13:00:00",86197,62112
"2026-02-02 14:00:00",87113,61986
"2026-02-02 15:00:00",86385,61874
"2026-02-02 16:00:00",80591,61749
"2026-02-02 17:00:00",73877,61633
"2026-02-02 18:00:00",70643,61556
"2026-02-02 19:00:00",67649,61456
"2026-02-02 20:00:00",63975,61382
"2026-02-02 21:00:00",58203,61288
"2026-02-02 22:00:00",51590,61163
"2026-02-02 23:00:00",46579,61054
"2026-02-03 00:00:00",44224,60972
"2026-02-03 01:00:00",46855,60925
"2026-02-03 02:00:00",49559,60881
"2026-02-03 03:00:00",49727,60823
"2026-02-03 04:00:00",49598,60768
"2026-02-03 05:00:00",50517,60723
"2026-02-03 06:00:00",51596,60693
"2026-02-03 07:00:00",52823,60670
"2026-02-03 08:00:00",54385,60668
"2026-02-03 09:00:00",55239,60630
"2026-02-03 10:00:00",58880,60594
"2026-02-03 11:00:00",67701,60560
"2026-02-03 12:00:00",77372,60524
"2026-02-03 13:00:00",83785,60477
"2026-02-03 14:00:00",85031,60441
"2026-02-03 15:00:00",84041,60412
"2026-02-03 16:00:00",78468,60394
"2026-02-03 17:00:00",72767,60368
"2026-02-03 18:00:00",68970,60304
"2026-02-03 19:00:00",66616,60244
"2026-02-03 20:00:00",62334,60162
"2026-02-03 21:00:00",55693,60094
"2026-02-03 22:00:00",49367,60034
"2026-02-03 23:00:00",44910,59988
"2026-02-04 00:00:00",43212,59963
"2026-02-04 01:00:00",45863,59935
"2026-02-04 02:00:00",48226,59904
"2026-02-04 03:00:00",48426,59887
"2026-02-04 04:00:00",48518,59875
"2026-02-04 05:00:00",49807,59863
"2026-02-04 06:00:00",51074,59843
"2026-02-04 07:00:00",52797,59831
"2026-02-04 08:00:00",53451,59811
"2026-02-04 09:00:00",54391,59810
"2026-02-04 10:00:00",58072,59800
"2026-02-04 11:00:00",66869,59853
"2026-02-04 12:00:00",76324,59935
"2026-02-04 13:00:00",82982,60022
"2026-02-04 14:00:00",84426,60102
"2026-02-04 15:00:00",83734,60168
"2026-02-04 16:00:00",77866,60231
"2026-02-04 17:00:00",71204,60286
"2026-02-04 18:00:00",67460,60367
"2026-02-04 19:00:00",64571,60450
"2026-02-04 20:00:00",60757,60516
"2026-02-04 21:00:00",54287,60568
"2026-02-04 22:00:00",48298,60635
"2026-02-04 23:00:00",44317,60687
"2026-02-05 00:00:00",42553,60711
"2026-02-05 01:00:00",45151,60702
"2026-02-05 02:00:00",47881,60710
"2026-02-05 03:00:00",48199,60740
"2026-02-05 04:00:00",48248,60780
"2026-02-05 05:00:00",49302,60834
"2026-02-05 06:00:00",50720,60909
"2026-02-05 07:00:00",52349,60989
"2026-02-05 08:00:00",53486,61061
"2026-02-05 09:00:00",54213,61136
"2026-02-05 10:00:00",59582,61227
"2026-02-05 11:00:00",69196,61273
"2026-02-05 12:00:00",78763,61269
"2026-02-05 13:00:00",85224,61254
"2026-02-05 14:00:00",86245,61278
"2026-02-05 15:00:00",85522,61346
"2026-02-05 16:00:00",79575,61437
"2026-02-05 17:00:00",73632,61557
"2026-02-05 18:00:00",70026,61658
"2026-02-05 19:00:00",66619,61716
"2026-02-05 20:00:00",62390,61778
"2026-02-05 21:00:00",56309,61892
"2026-02-05 22:00:00",49843,62115
"2026-02-05 23:00:00",45119,62389
"2026-02-06 00:00:00",42441,62618
"2026-02-06 01:00:00",45479,62780
"2026-02-06 02:00:00",48765,62882
"2026-02-06 03:00:00",49399,63028
"2026-02-06 04:00:00",49871,63249
"2026-02-06 05:00:00",51479,63518
"2026-02-06 06:00:00",53077,63819
"2026-02-06 07:00:00",54412,64140
"2026-02-06 08:00:00",55683,64497
"2026-02-06 09:00:00",56560,64880
"2026-02-06 10:00:00",60546,65280
"2026-02-06 11:00:00",68731,65669
"2026-02-06 12:00:00",78015,66055
"2026-02-06 13:00:00",85639,66418
"2026-02-06 14:00:00",87886,66721
"2026-02-06 15:00:00",87844,66994
"2026-02-06 16:00:00",82592,67266
"2026-02-06 17:00:00",76077,67522
"2026-02-06 18:00:00",71354,67789
"2026-02-06 19:00:00",68134,68070
"2026-02-06 20:00:00",65315,68366
"2026-02-06 21:00:00",62424,68672
"2026-02-06 22:00:00",57569,68975
"2026-02-06 23:00:00",51764,69270
"2026-02-07 00:00:00",47102,69526
"2026-02-07 01:00:00",48341,69720
"2026-02-07 02:00:00",52799,69832
"2026-02-07 03:00:00",55530,69942
"2026-02-07 04:00:00",57298,70052
"2026-02-07 05:00:00",59812,70186
"2026-02-07 06:00:00",62060,70331
"2026-02-07 07:00:00",64458,70491
"2026-02-07 08:00:00",66462,70637
"2026-02-07 09:00:00",68147,70817
"2026-02-07 10:00:00",72139,71001
"2026-02-07 11:00:00",80357,71176
"2026-02-07 12:00:00",88744,71352
"2026-02-07 13:00:00",94410,71515
"2026-02-07 14:00:00",95599,71674
"2026-02-07 15:00:00",95428,71805
"2026-02-07 16:00:00",89834,71905
"2026-02-07 17:00:00",83929,72007
"2026-02-07 18:00:00",79583,72067
"2026-02-07 19:00:00",76505,72120
"2026-02-07 20:00:00",73244,72177
"2026-02-07 21:00:00",69906,72188
"2026-02-07 22:00:00",65070,72075
"2026-02-07 23:00:00",58576,71846
"2026-02-08 00:00:00",52487,71562
"2026-02-08 01:00:00",51047,71256
"2026-02-08 02:00:00",54895,70991
"2026-02-08 03:00:00",57269,70683
"2026-02-08 04:00:00",59549,70328
"2026-02-08 05:00:00",62197,69920
"2026-02-08 06:00:00",64598,69484
"2026-02-08 07:00:00",66389,69006
"2026-02-08 08:00:00",69133,68515
"2026-02-08 09:00:00",70943,67981
"2026-02-08 10:00:00",74607,67407
"2026-02-08 11:00:00",83067,66818
"2026-02-08 12:00:00",91577,66215
"2026-02-08 13:00:00",97352,65610
"2026-02-08 14:00:00",97725,65022
"2026-02-08 15:00:00",96668,64444
"2026-02-08 16:00:00",90948,63874
"2026-02-08 17:00:00",83642,63311
"2026-02-08 18:00:00",78988,62803
"2026-02-08 19:00:00",76139,62344
"2026-02-08 20:00:00",71561,61865
"2026-02-08 21:00:00",64367,61368
"2026-02-08 22:00:00",56059,60851
"2026-02-08 23:00:00",48251,60430
"2026-02-09 00:00:00",42212,60108
"2026-02-09 01:00:00",42158,59929
"2026-02-09 02:00:00",44772,59826
"2026-02-09 03:00:00",45469,59705
"2026-02-09 04:00:00",45987,59544
"2026-02-09 05:00:00",47675,59339
"2026-02-09 06:00:00",48843,59120
"2026-02-09 07:00:00",49975,58898
"2026-02-09 08:00:00",51257,58661
"2026-02-09 09:00:00",51810,58411
"2026-02-09 10:00:00",54866,58149
"2026-02-09 11:00:00",62778,57859
"2026-02-09 12:00:00",71081,57544
"2026-02-09 13:00:00",77593,57249
"2026-02-09 14:00:00",78490,56942
"2026-02-09 15:00:00",77657,56644
"2026-02-09 16:00:00",72541,56355
"2026-02-09 17:00:00",67050,56087
"2026-02-09 18:00:00",63802,55828
"2026-02-09 19:00:00",60747,55564
"2026-02-09 20:00:00",56819,55312
"2026-02-09 21:00:00",50155,55046
"2026-02-09 22:00:00",45361,54821
"2026-02-09 23:00:00",40758,54632
"2026-02-10 00:00:00",38892,54517
"2026-02-10 01:00:00",41716,54440
"2026-02-10 02:00:00",44423,54363
"2026-02-10 03:00:00",44448,54283
"2026-02-10 04:00:00",43967,54206
"2026-02-10 05:00:00",45634,54153
"2026-02-10 06:00:00",47041,54104
"2026-02-10 07:00:00",48259,54048
"2026-02-10 08:00:00",49635,54007
"2026-02-10 09:00:00",50064,53966
"2026-02-10 10:00:00",52493,53919
"2026-02-10 11:00:00",59729,53848
"2026-02-10 12:00:00",68466,53764
"2026-02-10 13:00:00",74425,53661
"2026-02-10 14:00:00",75618,53572
"2026-02-10 15:00:00",74919,53486
"2026-02-10 16:00:00",69837,53409
"2026-02-10 17:00:00",64154,53341
"2026-02-10 18:00:00",60863,53279
"2026-02-10 19:00:00",57985,53207
"2026-02-10 20:00:00",53425,53138
"2026-02-10 21:00:00",46774,53081
"2026-02-10 22:00:00",41928,53057
"2026-02-10 23:00:00",38100,53031
"2026-02-11 00:00:00",36381,53002
"2026-02-11 01:00:00",39135,52969
"2026-02-11 02:00:00",42029,52925
"2026-02-11 03:00:00",42548,52893
"2026-02-11 04:00:00",42895,52889
"2026-02-11 05:00:00",44612,52890
"2026-02-11 06:00:00",45765,52889
"2026-02-11 07:00:00",47433,52898
"2026-02-11 08:00:00",48867,52906
"2026-02-11 09:00:00",49370,52906
"2026-02-11 10:00:00",51298,52902
"2026-02-11 11:00:00",57860,52959
"2026-02-11 12:00:00",66216,53068
"2026-02-11 13:00:00",72510,53192
"2026-02-11 14:00:00",73774,53327
"2026-02-11 15:00:00",73369,53473
"2026-02-11 16:00:00",68672,53623
"2026-02-11 17:00:00",63241,53772
"2026-02-11 18:00:00",59517,53886
"2026-02-11 19:00:00",57085,53993
"2026-02-11 20:00:00",52894,54075
"2026-02-11 21:00:00",47464,54175
"2026-02-11 22:00:00",42228,54258
"2026-02-11 23:00:00",38213,54322
"2026-02-12 00:00:00",36377,54378
"2026-02-12 01:00:00",38692,54430
"2026-02-12 02:00:00",41745,54502
"2026-02-12 03:00:00",42891,54587
"2026-02-12 04:00:00",43397,54669
"2026-02-12 05:00:00",45184,54751
"2026-02-12 06:00:00",46459,54836
"2026-02-12 07:00:00",48058,54926
"2026-02-12 08:00:00",49214,55000
"2026-02-12 09:00:00",49792,55077
"2026-02-12 10:00:00",54295,55202
"2026-02-12 11:00:00",62971,55297
"2026-02-12 12:00:00",71705,55365
"2026-02-12 13:00:00",78417,55452
"2026-02-12 14:00:00",79935,55562
"2026-02-12 15:00:00",79531,55685
"2026-02-12 16:00:00",74684,55811
"2026-02-12 17:00:00",68215,55931
"2026-02-12 18:00:00",64041,56046
"2026-02-12 19:00:00",60486,56143
"2026-02-12 20:00:00",56343,56258
"2026-02-12 21:00:00",50468,56402
"2026-02-12 22:00:00",44689,56613
"2026-02-12 23:00:00",40405,56847
"2026-02-13 00:00:00",38706,57050
"2026-02-13 01:00:00",41690,57193
"2026-02-13 02:00:00",44887,57296
"2026-02-13 03:00:00",45832,57415
"2026-02-13 04:00:00",46308,57572
"2026-02-13 05:00:00",48153,57766
"2026-02-13 06:00:00",49660,57980
"2026-02-13 07:00:00",50847,58201
"2026-02-13 08:00:00",52068,58444
"2026-02-13 09:00:00",52979,58723
"2026-02-13 10:00:00",55101,58977
"2026-02-13 11:00:00",62534,59217
"2026-02-13 12:00:00",71691,59439
"2026-02-13 13:00:00",79108,59657
"2026-02-13 14:00:00",81079,59838
"2026-02-13 15:00:00",80896,60006
"2026-02-13 16:00:00",76426,60177
"2026-02-13 17:00:00",70022,60348
"2026-02-13 18:00:00",65823,60516
"2026-02-13 19:00:00",62902,60674
"2026-02-13 20:00:00",60207,60845
"2026-02-13 21:00:00",57258,61057
"2026-02-13 22:00:00",52577,61273
"2026-02-13 23:00:00",46981,61474
"2026-02-14 00:00:00",42555,61631
"2026-02-14 01:00:00",43906,61738
"2026-02-14 02:00:00",47822,61806
"2026-02-14 03:00:00",50295,61893
"2026-02-14 04:00:00",52177,62016
"2026-02-14 05:00:00",54721,62143
"2026-02-14 06:00:00",56786,62286
"2026-02-14 07:00:00",58825,62461
"2026-02-14 08:00:00",61266,62675
"2026-02-14 09:00:00",62804,62895
"2026-02-14 10:00:00",65246,63125
"2026-02-14 11:00:00",71678,63367
"2026-02-14 12:00:00",80297,63615
"2026-02-14 13:00:00",85917,63813
"2026-02-14 14:00:00",87227,63982
"2026-02-14 15:00:00",86950,64152
"2026-02-14 16:00:00",82442,64320
"2026-02-14 17:00:00",75924,64484
"2026-02-14 18:00:00",70907,64624
"2026-02-14 19:00:00",67543,64780
"2026-02-14 20:00:00",64403,64921
"2026-02-14 21:00:00",60853,65037
"2026-02-14 22:00:00",56479,65104
"2026-02-14 23:00:00",51008,65115
"2026-02-15 00:00:00",45714,65093
"2026-02-15 01:00:00",44903,65062
"2026-02-15 02:00:00",48525,65059
"2026-02-15 03:00:00",51391,65048
"2026-02-15 04:00:00",52933,64988
"2026-02-15 05:00:00",55697,64917
"2026-02-15 06:00:00",58434,64838
"2026-02-15 07:00:00",61143,64736
"2026-02-15 08:00:00",63354,64578
"2026-02-15 09:00:00",65032,64374
"2026-02-15 10:00:00",68678,64139
"2026-02-15 11:00:00",75805,63837
"2026-02-15 12:00:00",83646,63479
"2026-02-15 13:00:00",88517,63056
"2026-02-15 14:00:00",89955,62669
"2026-02-15 15:00:00",89582,62358
"2026-02-15 16:00:00",84950,62065
"2026-02-15 17:00:00",78070,61844
"2026-02-15 18:00:00",74086,61738
"2026-02-15 19:00:00",70426,61644
"2026-02-15 20:00:00",66666,61548
"2026-02-15 21:00:00",60721,61399
"2026-02-15 22:00:00",53780,61208
"2026-02-15 23:00:00",47569,61020
"2026-02-16 00:00:00",43622,60901
"2026-02-16 01:00:00",44263,60827
"2026-02-16 02:00:00",47201,60782
"2026-02-16 03:00:00",48174,60687
"2026-02-16 04:00:00",49027,60568
"2026-02-16 05:00:00",50838,60410
"2026-02-16 06:00:00",51985,60199
"2026-02-16 07:00:00",52273,59941
"2026-02-16 08:00:00",52299,59640
"2026-02-16 09:00:00",51491,59318
"2026-02-16 10:00:00",51380,58945
"2026-02-16 11:00:00",56581,58576
"2026-02-16 12:00:00",62045,58141
"2026-02-16 13:00:00",68282,57781
"2026-02-16 14:00:00",73140,57463
"2026-02-16 15:00:00",73642,57095
"2026-02-16 16:00:00",72475,56790
"2026-02-16 17:00:00",69879,56534
"2026-02-16 18:00:00",66688,56256
"2026-02-16 19:00:00",63414,55985
"2026-02-16 20:00:00",59383,55710
"2026-02-16 21:00:00",53801,55463
"2026-02-16 22:00:00",47693,55239
"2026-02-16 23:00:00",43426,55076
"2026-02-17 00:00:00",40196,54929
"2026-02-17 01:00:00",42838,54837
"2026-02-17 02:00:00",45200,54714
"2026-02-17 03:00:00",45713,54580
"2026-02-17 04:00:00",45675,54424
"2026-02-17 05:00:00",46543,54239
"2026-02-17 06:00:00",47784,54056
"2026-02-17 07:00:00",48239,53886
"2026-02-17 08:00:00",49722,53769
"2026-02-17 09:00:00",50293,53688
"2026-02-17 10:00:00",52352,53652
"2026-02-17 11:00:00",56844,53602
"2026-02-17 12:00:00",64707,53632
"2026-02-17 13:00:00",69597,53613
"2026-02-17 14:00:00",71252,53533
"2026-02-17 15:00:00",71371,53438
"2026-02-17 16:00:00",68231,53293
"2026-02-17 17:00:00",63735,53111
"2026-02-17 18:00:00",60528,52931
"2026-02-17 19:00:00",57374,52750
"2026-02-17 20:00:00",54300,52609
"2026-02-17 21:00:00",49001,52469
"2026-02-17 22:00:00",43810,52362
"2026-02-17 23:00:00",39631,52264
"2026-02-18 00:00:00",36987,52181
"2026-02-18 01:00:00",38673,52086
"2026-02-18 02:00:00",40963,51997
"2026-02-18 03:00:00",41315,51906
"2026-02-18 04:00:00",40909,51808
"2026-02-18 05:00:00",41702,51714
"2026-02-18 06:00:00",43473,51641
"2026-02-18 07:00:00",44962,51590
"2026-02-18 08:00:00",46737,51551
"2026-02-18 09:00:00",47149,51500
"2026-02-18 10:00:00",49252,51451
"2026-02-18 11:00:00",55134,51441
"2026-02-18 12:00:00",61961,51406
"2026-02-18 13:00:00",67370,51380
"2026-02-18 14:00:00",68704,51338
"2026-02-18 15:00:00",68523,51286
"2026-02-18 16:00:00",65680,51243
"2026-02-18 17:00:00",61300,51189
"2026-02-18 18:00:00",57950,51132
"2026-02-18 19:00:00",55783,51092
"2026-02-18 20:00:00",52440,51045
"2026-02-18 21:00:00",47811,51019
"2026-02-18 22:00:00",42989,51001
"2026-02-18 23:00:00",38908,50987
"2026-02-19 00:00:00",36791,50986
"2026-02-19 01:00:00",38923,50989
"2026-02-19 02:00:00",41341,50992
"2026-02-19 03:00:00",41816,50999
"2026-02-19 04:00:00",41772,51023
"2026-02-19 05:00:00",43034,51059
"2026-02-19 06:00:00",44713,51091
"2026-02-19 07:00:00",46513,51139
"2026-02-19 08:00:00",47889,51167
"2026-02-19 09:00:00",48402,51196
"2026-02-19 10:00:00",50854,51234
"2026-02-19 11:00:00",56682,51263
"2026-02-19 12:00:00",63429,51297
"2026-02-19 13:00:00",68324,51316
"2026-02-19 14:00:00",69592,51354
"2026-02-19 15:00:00",69506,51399
"2026-02-19 16:00:00",65898,51425
"2026-02-19 17:00:00",61595,51448
"2026-02-19 18:00:00",57875,51467
"2026-02-19 19:00:00",55653,51489
"2026-02-19 20:00:00",52646,51446
"2026-02-19 21:00:00",47944,51469
"2026-02-19 22:00:00",43238,51545
"2026-02-19 23:00:00",39181,51642
"2026-02-20 00:00:00",36673,51720
"2026-02-20 01:00:00",38633,51774
"2026-02-20 02:00:00",41103,51814
"2026-02-20 03:00:00",42022,51883
"2026-02-20 04:00:00",42012,51964
"2026-02-20 05:00:00",43154,52067
"2026-02-20 06:00:00",45344,52194
"2026-02-20 07:00:00",46507,52306
"2026-02-20 08:00:00",47808,52424
"2026-02-20 09:00:00",48357,52552
"2026-02-20 10:00:00",50324,52673
"2026-02-20 11:00:00",56557,52813
"2026-02-20 12:00:00",63162,52945
"2026-02-20 13:00:00",69262,53110
"2026-02-20 14:00:00",70850,53266
"2026-02-20 15:00:00",70761,53411
"2026-02-20 16:00:00",66797,53545
"2026-02-20 17:00:00",62928,53688
"2026-02-20 18:00:00",59386,53817
"2026-02-20 19:00:00",52781,53829
"2026-02-20 20:00:00",53852,54009
"2026-02-20 21:00:00",52254,54226
"2026-02-20 22:00:00",48839,54456
"2026-02-20 23:00:00",44225,54667
"2026-02-21 00:00:00",40601,54846
"2026-02-21 01:00:00",41597,54980
"2026-02-21 02:00:00",45152,55113
"2026-02-21 03:00:00",46870,55259
"2026-02-21 04:00:00",48406,55449
"2026-02-21 05:00:00",50363,55673
"2026-02-21 06:00:00",52602,55908
"2026-02-21 07:00:00",54386,56161
"2026-02-21 08:00:00",56296,56437
"2026-02-21 09:00:00",57262,56725
"2026-02-21 10:00:00",59852,57040
"2026-02-21 11:00:00",65908,57349
"2026-02-21 12:00:00",72611,57661
"2026-02-21 13:00:00",77686,57952
"2026-02-21 14:00:00",78644,58221
"2026-02-21 15:00:00",78449,58489
"2026-02-21 16:00:00",74342,58746
"2026-02-21 17:00:00",69297,58955
"2026-02-21 18:00:00",65826,59179
"2026-02-21 19:00:00",63154,59508
"2026-02-21 20:00:00",61284,59764
"2026-02-21 21:00:00",58245,59953
"2026-02-21 22:00:00",54563,60094
"2026-02-21 23:00:00",49761,60191
"2026-02-22 00:00:00",44949,60243
"2026-02-22 01:00:00",43845,60249
"2026-02-22 02:00:00",46784,60267
"2026-02-22 03:00:00",48636,60283
"2026-02-22 04:00:00",51005,60304
"2026-02-22 05:00:00",53536,60315
"2026-02-22 06:00:00",55803,60319
"2026-02-22 07:00:00",58040,60332
"2026-02-22 08:00:00",59890,60331
"2026-02-22 09:00:00",61607,60340
"2026-02-22 10:00:00",63991,60327
"2026-02-22 11:00:00",70023,60303
"2026-02-22 12:00:00",77265,60292
"2026-02-22 13:00:00",81926,60256
"2026-02-22 14:00:00",83058,60222
"2026-02-22 15:00:00",82331,60168
"2026-02-22 16:00:00",77044,60079
"2026-02-22 17:00:00",72874,60023
"2026-02-22 18:00:00",69139,59959
"2026-02-22 19:00:00",66971,59914
"2026-02-22 20:00:00",63202,59814
"2026-02-22 21:00:00",57086,59637
"2026-02-22 22:00:00",50538,59395
"2026-02-22 23:00:00",44798,59141
"2026-02-23 00:00:00",40900,58939
"2026-02-23 01:00:00",41909,58824
"2026-02-23 02:00:00",44378,58710
"2026-02-23 03:00:00",44830,58561
"2026-02-23 04:00:00",45130,58348
"2026-02-23 05:00:00",46949,58108
"2026-02-23 06:00:00",48858,57853
"2026-02-23 07:00:00",50080,57566
"2026-02-23 08:00:00",50935,57253
"2026-02-23 09:00:00",51254,56901
"2026-02-23 10:00:00",52719,56523
"2026-02-23 11:00:00",58404,56138
"2026-02-23 12:00:00",64536,55722
"2026-02-23 13:00:00",68789,55309
"2026-02-23 14:00:00",69360,54879
"2026-02-23 15:00:00",68427,54444
"2026-02-23 16:00:00",63584,54019
"2026-02-23 17:00:00",59285,53590
"2026-02-23 18:00:00",55689,53164
"2026-02-23 19:00:00",53458,52738
"2026-02-23 20:00:00",50698,52341
"2026-02-23 21:00:00",45972,51980
"2026-02-23 22:00:00",40716,51654
"2026-02-23 23:00:00",36929,51391
"2026-02-24 00:00:00",35107,51196
"2026-02-24 01:00:00",37281,51038
"2026-02-24 02:00:00",40227,50894
"2026-02-24 03:00:00",40550,50739
"2026-02-24 04:00:00",40369,50571
"2026-02-24 05:00:00",41848,50401
"2026-02-24 06:00:00",43592,50227
"2026-02-24 07:00:00",45200,50062
"2026-02-24 08:00:00",46423,49905
"2026-02-24 09:00:00",46803,49753
"2026-02-24 10:00:00",48742,49614
"2026-02-24 11:00:00",54746,49484
"2026-02-24 12:00:00",62219,49392
"2026-02-24 13:00:00",66684,49303
"2026-02-24 14:00:00",67394,49221
"2026-02-24 15:00:00",66349,49139
"2026-02-24 16:00:00",61578,49060
"2026-02-24 17:00:00",57259,48981
"2026-02-24 18:00:00",53983,48910
"2026-02-24 19:00:00",51695,48833
"2026-02-24 20:00:00",48417,48740
"2026-02-24 21:00:00",43357,48639
"2026-02-24 22:00:00",38364,48548
"2026-02-24 23:00:00",35073,48480
"2026-02-24 23:10:00",30109,
"2026-02-24 23:20:00",32965,
"2026-02-24 23:30:00",33267,
"2026-02-24 23:40:00",33305,
"2026-02-24 23:50:00",33084,
"2026-02-25 00:00:00",32950,48417
"2026-02-25 00:10:00",32729,
"2026-02-25 00:20:00",32808,
"2026-02-25 00:30:00",32916,
"2026-02-25 00:40:00",33153,
"2026-02-25 00:50:00",33366,
"2026-02-25 01:00:00",33537,48353
"2026-02-25 01:10:00",33946,
"2026-02-25 01:20:00",34285,
"2026-02-25 01:30:00",34682,
"2026-02-25 01:40:00",35060,
"2026-02-25 01:50:00",35448,
"2026-02-25 02:00:00",35936,48271
"2026-02-25 02:10:00",36262,
"2026-02-25 02:20:00",36540,
"2026-02-25 02:30:00",36985,
"2026-02-25 02:40:00",37440,
"2026-02-25 02:50:00",37790,
"2026-02-25 03:00:00",38137,48200
"2026-02-25 03:10:00",38195,
"2026-02-25 03:20:00",38246,
"2026-02-25 03:30:00",38233,
"2026-02-25 03:40:00",38245,
"2026-02-25 03:50:00",38261,
"2026-02-25 04:00:00",38164,48161
"2026-02-25 04:10:00",37930,
"2026-02-25 04:20:00",38129,
"2026-02-25 04:30:00",38552,
"2026-02-25 04:40:00",38848,
"2026-02-25 04:50:00",39050,
"2026-02-25 05:00:00",39268,48122
"2026-02-25 05:10:00",39488,
"2026-02-25 05:20:00",39680,
"2026-02-25 05:30:00",39908,
"2026-02-25 05:40:00",40298,
"2026-02-25 05:50:00",40526,
"2026-02-25 06:00:00",40971,48083
"2026-02-25 06:10:00",41234,
"2026-02-25 06:20:00",41654,
"2026-02-25 06:30:00",41853,
"2026-02-25 06:40:00",41955,
"2026-02-25 06:50:00",42158,
"2026-02-25 07:00:00",42334,48031
"2026-02-25 07:10:00",42335,
"2026-02-25 07:20:00",42545,
"2026-02-25 07:30:00",42946,
"2026-02-25 07:40:00",43185,
"2026-02-25 07:50:00",43385,
"2026-02-25 08:00:00",43805,47991
"2026-02-25 08:10:00",43899,
"2026-02-25 08:20:00",44247,
"2026-02-25 08:30:00",44600,
"2026-02-25 08:40:00",44862,
"2026-02-25 08:50:00",44915,
"2026-02-25 09:00:00",44825,47949
"2026-02-25 09:10:00",44992,
"2026-02-25 09:20:00",45193,
"2026-02-25 09:30:00",45208,
"2026-02-25 09:40:00",45120,
"2026-02-25 09:50:00",45110,
"2026-02-25 10:00:00",45244,47904
"2026-02-25 10:10:00",45586,
"2026-02-25 10:20:00",45736,
"2026-02-25 10:30:00",45946,
"2026-02-25 10:40:00",46373,
"2026-02-25 10:50:00",47107,
"2026-02-25 11:00:00",47855,47859
"2026-02-25 11:10:00",48718,
"2026-02-25 11:20:00",49650,
"2026-02-25 11:30:00",50652,
"2026-02-25 11:40:00",52008,
"2026-02-25 11:50:00",52571,
"2026-02-25 12:00:00",53186,47820
"2026-02-25 12:10:00",54207,
"2026-02-25 12:20:00",56073,
"2026-02-25 12:30:00",57556,
"2026-02-25 12:40:00",58666,
"2026-02-25 12:50:00",59757,
"2026-02-25 13:00:00",60788,47791
"2026-02-25 13:10:00",62030,
"2026-02-25 13:20:00",63076,
"2026-02-25 13:30:00",63810,
"2026-02-25 13:40:00",64350,
"2026-02-25 13:50:00",64501,
"2026-02-25 14:00:00",64968,47765
"2026-02-25 14:10:00",65341,
"2026-02-25 14:20:00",65521,
"2026-02-25 14:30:00",65387,
"2026-02-25 14:40:00",65162,
"2026-02-25 14:50:00",64899,
"2026-02-25 15:00:00",64478,47738
"2026-02-25 15:10:00",63944,
"2026-02-25 15:20:00",63072,
"2026-02-25 15:30:00",62301,
"2026-02-25 15:40:00",61706,
"2026-02-25 15:50:00",60887,
"2026-02-25 16:00:00",59935,47722
"2026-02-25 16:10:00",58811,
"2026-02-25 16:20:00",57885,
"2026-02-25 16:30:00",57134,
"2026-02-25 16:40:00",56645,
"2026-02-25 16:50:00",56006,
"2026-02-25 17:00:00",55233,47691
"2026-02-25 17:10:00",54359,
"2026-02-25 17:20:00",53839,
"2026-02-25 17:30:00",53246,
"2026-02-25 17:40:00",52667,
"2026-02-25 17:50:00",52101,
"2026-02-25 18:00:00",51654,47646
"2026-02-25 18:10:00",51144,
"2026-02-25 18:20:00",50895,
"2026-02-25 18:30:00",50561,
"2026-02-25 18:40:00",49920,
"2026-02-25 18:50:00",49618,
"2026-02-25 19:00:00",49347,47601
"2026-02-25 19:10:00",48863,
"2026-02-25 19:20:00",48022,
"2026-02-25 19:30:00",47823,
"2026-02-25 19:40:00",47448,
"2026-02-25 19:50:00",46996,
"2026-02-25 20:00:00",46361,47559
"2026-02-25 20:10:00",45219,
"2026-02-25 20:20:00",44408,
"2026-02-25 20:30:00",43695,
"2026-02-25 20:40:00",42896,
"2026-02-25 20:50:00",42188,
"2026-02-25 21:00:00",41472,47522
"2026-02-25 21:10:00",40618,
"2026-02-25 21:20:00",39946,
"2026-02-25 21:30:00",39363,
"2026-02-25 21:40:00",38578,
"2026-02-25 21:50:00",37830,
"2026-02-25 22:00:00",37221,47507
"2026-02-25 22:10:00",36610,
"2026-02-25 22:20:00",36086,
"2026-02-25 22:30:00",35401,
"2026-02-25 22:40:00",34719,
"2026-02-25 22:50:00",34370,
"2026-02-25 23:00:00",34092,47494
"2026-02-25 23:10:00",33605,
"2026-02-25 23:20:00",33193,
"2026-02-25 23:30:00",32848,
"2026-02-25 23:40:00",32567,
"2026-02-25 23:50:00",32402,
"2026-02-26 00:00:00",32334,47480
"2026-02-26 00:10:00",32089,
"2026-02-26 00:20:00",32016,
"2026-02-26 00:30:00",32199,
"2026-02-26 00:40:00",32395,
"2026-02-26 00:50:00",32600,
"2026-02-26 01:00:00",32748,47473
"2026-02-26 01:10:00",33176,
"2026-02-26 01:20:00",33497,
"2026-02-26 01:30:00",33990,
"2026-02-26 01:40:00",34390,
"2026-02-26 01:50:00",34954,
"2026-02-26 02:00:00",35463,47480
"2026-02-26 02:10:00",36036,
"2026-02-26 02:20:00",36540,
"2026-02-26 02:30:00",36946,
"2026-02-26 02:40:00",37336,
"2026-02-26 02:50:00",37805,
"2026-02-26 03:00:00",38101,47495
"2026-02-26 03:10:00",38149,
"2026-02-26 03:20:00",38201,
"2026-02-26 03:30:00",38264,
"2026-02-26 03:40:00",38400,
"2026-02-26 03:50:00",38504,
"2026-02-26 04:00:00",38512,47510
"2026-02-26 04:10:00",38260,
"2026-02-26 04:20:00",38417,
"2026-02-26 04:30:00",38718,
"2026-02-26 04:40:00",39129,
"2026-02-26 04:50:00",39289,
"2026-02-26 05:00:00",39622,47538
"2026-02-26 05:10:00",39929,
"2026-02-26 05:20:00",40342,
"2026-02-26 05:30:00",40728,
"2026-02-26 05:40:00",40902,
"2026-02-26 05:50:00",41173,
"2026-02-26 06:00:00",41506,47561
"2026-02-26 06:10:00",41884,
"2026-02-26 06:20:00",42091,
"2026-02-26 06:30:00",42232,
"2026-02-26 06:40:00",42541,
"2026-02-26 06:50:00",42774,
"2026-02-26 07:00:00",43083,47594
"2026-02-26 07:10:00",43195,
"2026-02-26 07:20:00",43411,
"2026-02-26 07:30:00",43623,
"2026-02-26 07:40:00",44023,
"2026-02-26 07:50:00",44275,
"2026-02-26 08:00:00",44513,47628
"2026-02-26 08:10:00",44722,
"2026-02-26 08:20:00",44919,
"2026-02-26 08:30:00",45357,
"2026-02-26 08:40:00",45621,
"2026-02-26 08:50:00",45789,
"2026-02-26 09:00:00",45825,47660
"2026-02-26 09:10:00",45890,
"2026-02-26 09:20:00",45954,
"2026-02-26 09:30:00",46038,
"2026-02-26 09:40:00",46059,
"2026-02-26 09:50:00",46071,
"2026-02-26 10:00:00",46142,47762
"2026-02-26 10:10:00",47005,
"2026-02-26 10:20:00",47624,
"2026-02-26 10:30:00",48233,
"2026-02-26 10:40:00",48860,
"2026-02-26 10:50:00",49943,
"2026-02-26 11:00:00",50988,47913
"2026-02-26 11:10:00",52167,
"2026-02-26 11:20:00",53146,
"2026-02-26 11:30:00",54484,
"2026-02-26 11:40:00",55969,
"2026-02-26 11:50:00",57320,
"2026-02-26 12:00:00",58393,48065
"2026-02-26 12:10:00",59457,
"2026-02-26 12:20:00",60839,
"2026-02-26 12:30:00",62437,
"2026-02-26 12:40:00",63613,
"2026-02-26 12:50:00",64622,
"2026-02-26 13:00:00",65335,48192
"2026-02-26 13:10:00",66217,
"2026-02-26 13:20:00",67116,
"2026-02-26 13:30:00",67647,
"2026-02-26 13:40:00",68163,
"2026-02-26 13:50:00",68642,
"2026-02-26 14:00:00",69203,48327
"2026-02-26 14:10:00",69391,
"2026-02-26 14:20:00",69701,
"2026-02-26 14:30:00",69608,
"2026-02-26 14:40:00",69491,
"2026-02-26 14:50:00",69402,
"2026-02-26 15:00:00",68975,48477
"2026-02-26 15:10:00",68155,
"2026-02-26 15:20:00",67396,
"2026-02-26 15:30:00",66516,
"2026-02-26 15:40:00",65947,
"2026-02-26 15:50:00",65350,
"2026-02-26 16:00:00",64419,48628
"2026-02-26 16:10:00",63031,
"2026-02-26 16:20:00",62248,
"2026-02-26 16:30:00",61519,
"2026-02-26 16:40:00",60688,
"2026-02-26 16:50:00",59832,
"2026-02-26 17:00:00",59162,48759
"2026-02-26 17:10:00",58346,
"2026-02-26 17:20:00",57872,
"2026-02-26 17:30:00",57604,
"2026-02-26 17:40:00",56904,
"2026-02-26 17:50:00",56362,
"2026-02-26 18:00:00",55918,48904
"2026-02-26 18:10:00",55346,
"2026-02-26 18:20:00",54799,
"2026-02-26 18:30:00",54308,
"2026-02-26 18:40:00",53536,
"2026-02-26 18:50:00",53172,
"2026-02-26 19:00:00",52803,49023
"2026-02-26 19:10:00",52198,
"2026-02-26 19:20:00",51540,
"2026-02-26 19:30:00",51066,
"2026-02-26 19:40:00",50734,
"2026-02-26 19:50:00",50373,
"2026-02-26 20:00:00",49739,49141
"2026-02-26 20:10:00",48699,
"2026-02-26 20:20:00",48032,
"2026-02-26 20:30:00",47324,
"2026-02-26 20:40:00",46538,
"2026-02-26 20:50:00",45714,
"2026-02-26 21:00:00",44647,49260
"2026-02-26 21:10:00",43648,
"2026-02-26 21:20:00",42940,
"2026-02-26 21:30:00",42298,
"2026-02-26 21:40:00",41525,
"2026-02-26 21:50:00",40735,
"2026-02-26 22:00:00",40027,49385
"2026-02-26 22:10:00",39083,
"2026-02-26 22:20:00",37488,
"2026-02-26 22:30:00",36471,
"2026-02-26 22:40:00",35791,
"2026-02-26 22:50:00",36098,
"2026-02-26 23:00:00",35902,49481
"2026-02-26 23:10:00",35332,
"2026-02-26 23:20:00",34658,
"2026-02-26 23:30:00",34350,
"2026-02-26 23:40:00",34064,
"2026-02-26 23:50:00",33997,
"2026-02-27 00:00:00",33925,49569
"2026-02-27 00:10:00",33435,
"2026-02-27 00:20:00",33580,
"2026-02-27 00:30:00",33728,
"2026-02-27 00:40:00",34042,
"2026-02-27 00:50:00",34159,
"2026-02-27 01:00:00",34072,49632
"2026-02-27 01:10:00",34321,
"2026-02-27 01:20:00",34937,
"2026-02-27 01:30:00",35316,
"2026-02-27 01:40:00",35880,
"2026-02-27 01:50:00",36280,
"2026-02-27 02:00:00",36679,49685
"2026-02-27 02:10:00",37346,
"2026-02-27 02:20:00",37711,
"2026-02-27 02:30:00",38017,
"2026-02-27 02:40:00",38511,
"2026-02-27 02:50:00",38998,
"2026-02-27 03:00:00",39325,49744
"2026-02-27 03:10:00",39404,
"2026-02-27 03:20:00",39600,
"2026-02-27 03:30:00",39631,
"2026-02-27 03:40:00",39782,
"2026-02-27 03:50:00",39812,
"2026-02-27 04:00:00",39755,49808
"2026-02-27 04:10:00",39500,
"2026-02-27 04:20:00",39695,
"2026-02-27 04:30:00",40070,
"2026-02-27 04:40:00",40439,
"2026-02-27 04:50:00",40523,
"2026-02-27 05:00:00",40546,49862
"2026-02-27 05:10:00",40820,
"2026-02-27 05:20:00",41237,
"2026-02-27 05:30:00",41508,
"2026-02-27 05:40:00",41608,
"2026-02-27 05:50:00",41930,
"2026-02-27 06:00:00",42179,49923
"2026-02-27 06:10:00",42585,
"2026-02-27 06:20:00",42899,
"2026-02-27 06:30:00",43156,
"2026-02-27 06:40:00",43433,
"2026-02-27 06:50:00",43551,
"2026-02-27 07:00:00",43807,49999
"2026-02-27 07:10:00",44118,
"2026-02-27 07:20:00",44316,
"2026-02-27 07:30:00",44611,
"2026-02-27 07:40:00",45093,
"2026-02-27 07:50:00",45382,
"2026-02-27 08:00:00",45385,50067
"2026-02-27 08:10:00",45653,
"2026-02-27 08:20:00",45938,
"2026-02-27 08:30:00",46156,
"2026-02-27 08:40:00",46432,
"2026-02-27 08:50:00",46572,
"2026-02-27 09:00:00",46682,50153
"2026-02-27 09:10:00",46805,
"2026-02-27 09:20:00",47188,
"2026-02-27 09:30:00",47138,
"2026-02-27 09:40:00",47031,
"2026-02-27 09:50:00",47108,
"2026-02-27 10:00:00",47380,50162
"2026-02-27 10:10:00",47471,
"2026-02-27 10:20:00",47715,
"2026-02-27 10:30:00",47872,
"2026-02-27 10:40:00",48306,
"2026-02-27 10:50:00",48922,
"2026-02-27 11:00:00",49677,50147
"2026-02-27 11:10:00",50756,
"2026-02-27 11:20:00",51734,
"2026-02-27 11:30:00",52847,
"2026-02-27 11:40:00",54209,
"2026-02-27 11:50:00",55673,
"2026-02-27 12:00:00",56740,50142
"2026-02-27 12:10:00",57985,
"2026-02-27 12:20:00",59580,
"2026-02-27 12:30:00",60902,
"2026-02-27 12:40:00",62107,
"2026-02-27 12:50:00",62965,
"2026-02-27 13:00:00",63893,50158
"2026-02-27 13:10:00",64872,
"2026-02-27 13:20:00",65997,
"2026-02-27 13:30:00",66901,
"2026-02-27 13:40:00",67644,
"2026-02-27 13:50:00",67778,
"2026-02-27 14:00:00",68830,50190
"2026-02-27 14:10:00",69109,
"2026-02-27 14:20:00",69329,
"2026-02-27 14:30:00",69211,
"2026-02-27 14:40:00",69070,
"2026-02-27 14:50:00",68878,
"2026-02-27 15:00:00",68701,50222
"2026-02-27 15:10:00",68174,
"2026-02-27 15:20:00",67322,
"2026-02-27 15:30:00",66471,
"2026-02-27 15:40:00",65672,
"2026-02-27 15:50:00",64905,
"2026-02-27 16:00:00",63961,50247
"2026-02-27 16:10:00",62648,
"2026-02-27 16:20:00",61726,
"2026-02-27 16:30:00",60901,
"2026-02-27 16:40:00",60687,
"2026-02-27 16:50:00",59960,
"2026-02-27 17:00:00",58975,50278
"2026-02-27 17:10:00",58400,
"2026-02-27 17:20:00",57957,
"2026-02-27 17:30:00",57518,
"2026-02-27 17:40:00",57056,
"2026-02-27 17:50:00",56450,
"2026-02-27 18:00:00",55933,50315
"2026-02-27 18:10:00",55454,
"2026-02-27 18:20:00",54898,
"2026-02-27 18:30:00",54361,
"2026-02-27 18:40:00",53656,
"2026-02-27 18:50:00",53589,
"2026-02-27 19:00:00",53091,50357
"2026-02-27 19:10:00",52875,
"2026-02-27 19:20:00",52480,
"2026-02-27 19:30:00",52007,
"2026-02-27 19:40:00",51571,
"2026-02-27 19:50:00",51322,
"2026-02-27 20:00:00",51077,50438
"2026-02-27 20:10:00",50551,
"2026-02-27 20:20:00",50092,
"2026-02-27 20:30:00",49836,
"2026-02-27 20:40:00",49525,
"2026-02-27 20:50:00",49042,
"2026-02-27 21:00:00",48688,50606
"2026-02-27 21:10:00",48214,
"2026-02-27 21:20:00",47609,
"2026-02-27 21:30:00",47055,
"2026-02-27 21:40:00",46202,
"2026-02-27 21:50:00",45533,
"2026-02-27 22:00:00",45010,50808
"2026-02-27 22:10:00",44349,
"2026-02-27 22:20:00",43674,
"2026-02-27 22:30:00",42840,
"2026-02-27 22:40:00",42092,
"2026-02-27 22:50:00",41413,
"2026-02-27 23:00:00",40951,51010
"2026-02-27 23:10:00",40065,
"2026-02-27 23:20:00",39235,
"2026-02-27 23:30:00",38447,
"2026-02-27 23:40:00",37757,
"2026-02-27 23:50:00",37265,
"2026-02-28 00:00:00",36890,51124
"2026-02-28 00:10:00",36306,
"2026-02-28 00:20:00",36199,
"2026-02-28 00:30:00",36316,
"2026-02-28 00:40:00",36257,
"2026-02-28 00:50:00",36134,
"2026-02-28 01:00:00",36307,51200
"2026-02-28 01:10:00",36401,
"2026-02-28 01:20:00",36702,
"2026-02-28 01:30:00",37299,
"2026-02-28 01:40:00",37675,
"2026-02-28 01:50:00",38086,
"2026-02-28 02:00:00",38781,51280
"2026-02-28 02:10:00",39307,
"2026-02-28 02:20:00",39891,
"2026-02-28 02:30:00",40317,
"2026-02-28 02:40:00",40765,
"2026-02-28 02:50:00",41228,
"2026-02-28 03:00:00",41757,51404
"2026-02-28 03:10:00",41886,
"2026-02-28 03:20:00",42243,
"2026-02-28 03:30:00",42551,
"2026-02-28 03:40:00",42827,
"2026-02-28 03:50:00",43150,
"2026-02-28 04:00:00",43218,51573
"2026-02-28 04:10:00",43291,
"2026-02-28 04:20:00",43647,
"2026-02-28 04:30:00",44145,
"2026-02-28 04:40:00",44578,
"2026-02-28 04:50:00",45012,
"2026-02-28 05:00:00",45350,51782
"2026-02-28 05:10:00",45784,
"2026-02-28 05:20:00",46235,
"2026-02-28 05:30:00",46788,
"2026-02-28 05:40:00",47112,
"2026-02-28 05:50:00",47374,
"2026-02-28 06:00:00",47815,52018
"2026-02-28 06:10:00",48327,
"2026-02-28 06:20:00",48647,
"2026-02-28 06:30:00",48907,
"2026-02-28 06:40:00",49221,
"2026-02-28 06:50:00",49654,
"2026-02-28 07:00:00",50158,52286
"2026-02-28 07:10:00",50439,
"2026-02-28 07:20:00",50954,
"2026-02-28 07:30:00",51367,
"2026-02-28 07:40:00",51813,
"2026-02-28 07:50:00",52190,
"2026-02-28 08:00:00",52352,52591
"2026-02-28 08:10:00",52650,
"2026-02-28 08:20:00",53016,
"2026-02-28 08:30:00",53574,
"2026-02-28 08:40:00",53972,
"2026-02-28 08:50:00",54323,
"2026-02-28 09:00:00",54190,52902
"2026-02-28 09:10:00",54517,
"2026-02-28 09:20:00",54851,
"2026-02-28 09:30:00",55014,
"2026-02-28 09:40:00",55103,
"2026-02-28 09:50:00",54701,
"2026-02-28 10:00:00",51978,53208
"2026-02-28 10:10:00",49119,
"2026-02-28 10:20:00",50902,
"2026-02-28 10:30:00",53023,
"2026-02-28 10:40:00",54884,
"2026-02-28 10:50:00",56607,
"2026-02-28 11:00:00",58247,53583
"2026-02-28 11:10:00",59659,
"2026-02-28 11:20:00",60806,
"2026-02-28 11:30:00",62153,
"2026-02-28 11:40:00",63431,
"2026-02-28 11:50:00",65117,
"2026-02-28 12:00:00",65859,53913
"2026-02-28 12:10:00",66989,
"2026-02-28 12:20:00",68209,
"2026-02-28 12:30:00",69225,
"2026-02-28 12:40:00",70448,
"2026-02-28 12:50:00",71482,
"2026-02-28 13:00:00",72329,54241
"2026-02-28 13:10:00",73516,
"2026-02-28 13:20:00",74759,
"2026-02-28 13:30:00",75623,
"2026-02-28 13:40:00",75835,
"2026-02-28 13:50:00",76278,
"2026-02-28 14:00:00",77125,54552
"2026-02-28 14:10:00",77397,
"2026-02-28 14:20:00",77483,
"2026-02-28 14:30:00",77324,
"2026-02-28 14:40:00",77308,
"2026-02-28 14:50:00",77135,
"2026-02-28 15:00:00",76771,54855
"2026-02-28 15:10:00",75998,
"2026-02-28 15:20:00",74919,
"2026-02-28 15:30:00",74062,
"2026-02-28 15:40:00",73305,
"2026-02-28 15:50:00",72819,
"2026-02-28 16:00:00",71671,55138
"2026-02-28 16:10:00",69821,
"2026-02-28 16:20:00",69596,
"2026-02-28 16:30:00",68897,
"2026-02-28 16:40:00",68235,
"2026-02-28 16:50:00",67365,
"2026-02-28 17:00:00",66525,55408
"2026-02-28 17:10:00",65562,
"2026-02-28 17:20:00",64916,
"2026-02-28 17:30:00",64403,
"2026-02-28 17:40:00",63876,
"2026-02-28 17:50:00",63344,
"2026-02-28 18:00:00",62750,55647
"2026-02-28 18:10:00",62375,
"2026-02-28 18:20:00",62148,
"2026-02-28 18:30:00",61586,
"2026-02-28 18:40:00",60914,
"2026-02-28 18:50:00",60381,
"2026-02-28 19:00:00",60241,55906
"2026-02-28 19:10:00",59690,
"2026-02-28 19:20:00",59045,
"2026-02-28 19:30:00",58721,
"2026-02-28 19:40:00",58450,
"2026-02-28 19:50:00",58139,
"2026-02-28 20:00:00",56523,56107
"2026-02-28 20:10:00",56558,
"2026-02-28 20:20:00",56168,
"2026-02-28 20:30:00",55822,
"2026-02-28 20:40:00",55129,
"2026-02-28 20:50:00",54678,
"2026-02-28 21:00:00",54120,56307
"2026-02-28 21:10:00",53331,
"2026-02-28 21:20:00",52607,
"2026-02-28 21:30:00",52273,
"2026-02-28 21:40:00",51531,
"2026-02-28 21:50:00",50768,
"2026-02-28 22:00:00",50047,56477
"2026-02-28 22:10:00",49167,
"2026-02-28 22:20:00",48459,
"2026-02-28 22:30:00",47584,
"2026-02-28 22:40:00",46736,
"2026-02-28 22:50:00",45983,
"2026-02-28 23:00:00",45188,56608
"2026-02-28 23:10:00",44237,
"2026-02-28 23:20:00",43222,
"2026-02-28 23:30:00",42473,
"2026-02-28 23:40:00",41648,
"2026-02-28 23:50:00",41077,
"2026-03-01 00:00:00",40293,56708
"2026-03-01 00:10:00",39371,
"2026-03-01 00:20:00",38872,
"2026-03-01 00:30:00",38753,
"2026-03-01 00:40:00",38597,
"2026-03-01 00:50:00",38397,
"2026-03-01 01:00:00",38303,56742
"2026-03-01 01:10:00",38376,
"2026-03-01 01:20:00",38479,
"2026-03-01 01:30:00",38822,
"2026-03-01 01:40:00",39195,
"2026-03-01 01:50:00",39588,
"2026-03-01 02:00:00",40147,56793
"2026-03-01 02:10:00",40708,
"2026-03-01 02:20:00",41165,
"2026-03-01 02:30:00",41637,
"2026-03-01 02:40:00",42237,
"2026-03-01 02:50:00",43070,
"2026-03-01 03:00:00",43716,56869
"2026-03-01 03:10:00",44102,
"2026-03-01 03:20:00",44519,
"2026-03-01 03:30:00",44906,
"2026-03-01 03:40:00",45419,
"2026-03-01 03:50:00",45843,
"2026-03-01 04:00:00",45936,56962
"2026-03-01 04:10:00",46167,
"2026-03-01 04:20:00",46630,
"2026-03-01 04:30:00",47356,
"2026-03-01 04:40:00",47942,
"2026-03-01 04:50:00",48430,
"2026-03-01 05:00:00",48806,57078
"2026-03-01 05:10:00",49584,
"2026-03-01 05:20:00",50061,
"2026-03-01 05:30:00",50630,
"2026-03-01 05:40:00",51111,
"2026-03-01 05:50:00",51525,
"2026-03-01 06:00:00",52181,57226
"2026-03-01 06:10:00",52701,
"2026-03-01 06:20:00",53160,
"2026-03-01 06:30:00",53662,
"2026-03-01 06:40:00",54042,
"2026-03-01 06:50:00",54891,
"2026-03-01 07:00:00",55391,57379
"2026-03-01 07:10:00",55918,
"2026-03-01 07:20:00",56155,
"2026-03-01 07:30:00",56581,
"2026-03-01 07:40:00",57269,
"2026-03-01 07:50:00",57734,
"2026-03-01 08:00:00",57982,57534
"2026-03-01 08:10:00",58367,
"2026-03-01 08:20:00",58713,
"2026-03-01 08:30:00",59189,
"2026-03-01 08:40:00",59597,
"2026-03-01 08:50:00",59990,
"2026-03-01 09:00:00",60344,57712
"2026-03-01 09:10:00",60916,
"2026-03-01 09:20:00",61240,
"2026-03-01 09:30:00",61251,
"2026-03-01 09:40:00",61102,
"2026-03-01 09:50:00",61359,
"2026-03-01 10:00:00",61693,57924
"2026-03-01 10:10:00",61750,
"2026-03-01 10:20:00",62100,
"2026-03-01 10:30:00",62450,
"2026-03-01 10:40:00",62925,
"2026-03-01 10:50:00",63683,
"2026-03-01 11:00:00",64414,58051
"2026-03-01 11:10:00",65159,
"2026-03-01 11:20:00",66136,
"2026-03-01 11:30:00",67377,
"2026-03-01 11:40:00",68688,
"2026-03-01 11:50:00",69874,
"2026-03-01 12:00:00",70910,58172
"2026-03-01 12:10:00",71847,
"2026-03-01 12:20:00",73056,
"2026-03-01 12:30:00",74105,
"2026-03-01 12:40:00",75269,
"2026-03-01 12:50:00",76054,
"2026-03-01 13:00:00",76740,58253
"2026-03-01 13:10:00",77661,
"2026-03-01 13:20:00",78490,
"2026-03-01 13:30:00",79073,
"2026-03-01 13:40:00",79409,
"2026-03-01 13:50:00",79629,
"2026-03-01 14:00:00",79654,58295
"2026-03-01 14:10:00",79384,
"2026-03-01 14:20:00",79357,
"2026-03-01 14:30:00",78992,
"2026-03-01 14:40:00",78267,
"2026-03-01 14:50:00",77827,
"2026-03-01 15:00:00",77241,58277
"2026-03-01 15:10:00",76128,
"2026-03-01 15:20:00",74872,
"2026-03-01 15:30:00",73632,
"2026-03-01 15:40:00",72661,
"2026-03-01 15:50:00",71872,
"2026-03-01 16:00:00",70562,58202
"2026-03-01 16:10:00",69144,
"2026-03-01 16:20:00",68108,
"2026-03-01 16:30:00",67609,
"2026-03-01 16:40:00",66874,
"2026-03-01 16:50:00",66220,
"2026-03-01 17:00:00",64270,58084
"2026-03-01 17:10:00",63567,
"2026-03-01 17:20:00",63146,
"2026-03-01 17:30:00",63094,
"2026-03-01 17:40:00",62731,
"2026-03-01 17:50:00",62184,
"2026-03-01 18:00:00",61983,58032
"2026-03-01 18:10:00",61548,
"2026-03-01 18:20:00",61325,
"2026-03-01 18:30:00",60987,
"2026-03-01 18:40:00",60686,
"2026-03-01 18:50:00",60690,
"2026-03-01 19:00:00",60235,58010
"2026-03-01 19:10:00",59721,
"2026-03-01 19:20:00",59113,
"2026-03-01 19:30:00",58498,
"2026-03-01 19:40:00",58084,
"2026-03-01 19:50:00",57559,
"2026-03-01 20:00:00",56798,57999
"2026-03-01 20:10:00",55706,
"2026-03-01 20:20:00",54821,
"2026-03-01 20:30:00",54021,
"2026-03-01 20:40:00",53021,
"2026-03-01 20:50:00",51775,
"2026-03-01 21:00:00",50367,57836
"2026-03-01 21:10:00",49016,
"2026-03-01 21:20:00",48148,
"2026-03-01 21:30:00",47223,
"2026-03-01 21:40:00",45867,
"2026-03-01 21:50:00",44830,
"2026-03-01 22:00:00",44055,57591
"2026-03-01 22:10:00",43041,
"2026-03-01 22:20:00",42200,
"2026-03-01 22:30:00",41284,
"2026-03-01 22:40:00",40325,
"2026-03-01 22:50:00",39565,
"2026-03-01 23:00:00",38821,57337
"2026-03-01 23:10:00",37924,
"2026-03-01 23:20:00",37018,
"2026-03-01 23:30:00",36358,
"2026-03-01 23:40:00",35829,
"2026-03-01 23:50:00",35500,
"2026-03-02 00:00:00",35101,57133
"2026-03-02 00:10:00",34670,
"2026-03-02 00:20:00",34464,
"2026-03-02 00:30:00",34573,
"2026-03-02 00:40:00",34602,
"2026-03-02 00:50:00",34612,
"2026-03-02 01:00:00",34693,56977
"2026-03-02 01:10:00",34687,
"2026-03-02 01:20:00",35016,
"2026-03-02 01:30:00",35168,
"2026-03-02 01:40:00",35272,
"2026-03-02 01:50:00",35431,
"2026-03-02 02:00:00",35690,56732
"2026-03-02 02:10:00",36030,
"2026-03-02 02:20:00",36170,
"2026-03-02 02:30:00",36314,
"2026-03-02 02:40:00",36480,
"2026-03-02 02:50:00",36563,
"2026-03-02 03:00:00",36734,56386
"2026-03-02 03:10:00",36570,
"2026-03-02 03:20:00",36461,
"2026-03-02 03:30:00",36316,
"2026-03-02 03:40:00",36389,
"2026-03-02 03:50:00",36382,
"2026-03-02 04:00:00",36033,55960
"2026-03-02 04:10:00",35822,
"2026-03-02 04:20:00",36107,
"2026-03-02 04:30:00",36621,
"2026-03-02 04:40:00",37055,
"2026-03-02 04:50:00",37279,
"2026-03-02 05:00:00",37436,55432
"2026-03-02 05:10:00",37589,
"2026-03-02 05:20:00",37798,
"2026-03-02 05:30:00",37773,
"2026-03-02 05:40:00",37533,
"2026-03-02 05:50:00",37506,
"2026-03-02 06:00:00",37585,54795
"2026-03-02 06:10:00",37699,
"2026-03-02 06:20:00",37766,
"2026-03-02 06:30:00",37920,
"2026-03-02 06:40:00",38162,
"2026-03-02 06:50:00",38411,
"2026-03-02 07:00:00",38546,54102
"2026-03-02 07:10:00",38638,
"2026-03-02 07:20:00",38771,
"2026-03-02 07:30:00",39011,
"2026-03-02 07:40:00",39387,
"2026-03-02 07:50:00",39855,
"2026-03-02 08:00:00",40275,53397
"2026-03-02 08:10:00",40435,
"2026-03-02 08:20:00",40689,
"2026-03-02 08:30:00",41167,
"2026-03-02 08:40:00",41586,
"2026-03-02 08:50:00",41833,
"2026-03-02 09:00:00",41885,52677
"2026-03-02 09:10:00",42266,
"2026-03-02 09:20:00",42712,
"2026-03-02 09:30:00",42787,
"2026-03-02 09:40:00",42906,
"2026-03-02 09:50:00",42909,
"2026-03-02 10:00:00",43257,51970
"2026-03-02 10:10:00",43538,
"2026-03-02 10:20:00",43964,
"2026-03-02 10:30:00",44399,
"2026-03-02 10:40:00",44866,
"2026-03-02 10:50:00",45595,
"2026-03-02 11:00:00",46274,51237
"2026-03-02 11:10:00",46936,
"2026-03-02 11:20:00",47567,
"2026-03-02 11:30:00",48615,
"2026-03-02 11:40:00",49975,
"2026-03-02 11:50:00",51187,
"2026-03-02 12:00:00",52194,50552
"2026-03-02 12:10:00",53453,
"2026-03-02 12:20:00",54940,
"2026-03-02 12:30:00",56244,
"2026-03-02 12:40:00",57514,
"2026-03-02 12:50:00",58645,
"2026-03-02 13:00:00",59616,49923
"2026-03-02 13:10:00",60772,
"2026-03-02 13:20:00",61740,
"2026-03-02 13:30:00",62396,
"2026-03-02 13:40:00",62969,
"2026-03-02 13:50:00",63669,
"2026-03-02 14:00:00",64211,49326
"2026-03-02 14:10:00",64449,
"2026-03-02 14:20:00",64554,
"2026-03-02 14:30:00",64382,
"2026-03-02 14:40:00",63925,
"2026-03-02 14:50:00",63605,
"2026-03-02 15:00:00",62963,48761
"2026-03-02 15:10:00",61705,
"2026-03-02 15:20:00",60689,
"2026-03-02 15:30:00",59533,
"2026-03-02 15:40:00",58323,
"2026-03-02 15:50:00",57468,
"2026-03-02 16:00:00",56262,48193
"2026-03-02 16:10:00",55103,
"2026-03-02 16:20:00",54177,
"2026-03-02 16:30:00",53713,
"2026-03-02 16:40:00",53220,
"2026-03-02 16:50:00",52534,
"2026-03-02 17:00:00",52041,47708
"2026-03-02 17:10:00",51446,
"2026-03-02 17:20:00",51239,
"2026-03-02 17:30:00",50736,
"2026-03-02 17:40:00",50317,
"2026-03-02 17:50:00",49997,
"2026-03-02 18:00:00",49777,47221
"2026-03-02 18:10:00",49544,
"2026-03-02 18:20:00",49241,
"2026-03-02 18:30:00",48884,
"2026-03-02 18:40:00",48490,
"2026-03-02 18:50:00",48238,
"2026-03-02 19:00:00",47955,46731
"2026-03-02 19:10:00",47479,
"2026-03-02 19:20:00",46874,
"2026-03-02 19:30:00",46428,
"2026-03-02 19:40:00",46050,
"2026-03-02 19:50:00",45664,
"2026-03-02 20:00:00",45007,46259
"2026-03-02 20:10:00",44165,
"2026-03-02 20:20:00",43453,
"2026-03-02 20:30:00",42929,
"2026-03-02 20:40:00",42278,
"2026-03-02 20:50:00",41349,
"2026-03-02 21:00:00",40312,45857
"2026-03-02 21:10:00",39388,
"2026-03-02 21:20:00",38669,
"2026-03-02 21:30:00",37915,
"2026-03-02 21:40:00",36994,
"2026-03-02 21:50:00",36199,
"2026-03-02 22:00:00",35521,45515
"2026-03-02 22:10:00",34903,
"2026-03-02 22:20:00",34176,
"2026-03-02 22:30:00",33612,
"2026-03-02 22:40:00",32902,
"2026-03-02 22:50:00",32492,
"2026-03-02 23:00:00",32099,45245
"2026-03-02 23:10:00",31435,
"2026-03-02 23:20:00",31023,
"2026-03-02 23:30:00",30798,
"2026-03-02 23:40:00",30734,
"2026-03-02 23:50:00",30629,
"2026-03-03 00:00:00",30491,45077
"2026-03-03 00:10:00",30315,
"2026-03-03 00:20:00",30423,
"2026-03-03 00:30:00",30709,
"2026-03-03 00:40:00",30796,
"2026-03-03 00:50:00",30904,
"2026-03-03 01:00:00",31055,44979
"2026-03-03 01:10:00",31317,
"2026-03-03 01:20:00",31608,
"2026-03-03 01:30:00",31896,
"2026-03-03 01:40:00",32303,
"2026-03-03 01:50:00",32531,
"2026-03-03 02:00:00",32807,44904
"2026-03-03 02:10:00",33095,
"2026-03-03 02:20:00",33549,
"2026-03-03 02:30:00",33772,
"2026-03-03 02:40:00",33961,
"2026-03-03 02:50:00",34299,
"2026-03-03 03:00:00",34305,44820
"2026-03-03 03:10:00",34264,
"2026-03-03 03:20:00",34064,
"2026-03-03 03:30:00",34063,
"2026-03-03 03:40:00",34099,
"2026-03-03 03:50:00",34093,
"2026-03-03 04:00:00",33903,44755
"2026-03-03 04:10:00",33895,
"2026-03-03 04:20:00",34343,
"2026-03-03 04:30:00",34532,
"2026-03-03 04:40:00",35021,
"2026-03-03 04:50:00",35307,
"2026-03-03 05:00:00",35593,44701
"2026-03-03 05:10:00",35827,
"2026-03-03 05:20:00",36146,
"2026-03-03 05:30:00",36161,
"2026-03-03 05:40:00",35946,
"2026-03-03 05:50:00",35878,
"2026-03-03 06:00:00",35966,44651
"2026-03-03 06:10:00",36172,
"2026-03-03 06:20:00",36338,
"2026-03-03 06:30:00",36479,
"2026-03-03 06:40:00",36673,
"2026-03-03 06:50:00",36902,
"2026-03-03 07:00:00",37164,44607
"2026-03-03 07:10:00",37356,
"2026-03-03 07:20:00",37412,
"2026-03-03 07:30:00",37816,
"2026-03-03 07:40:00",38211,
"2026-03-03 07:50:00",38518,
"2026-03-03 08:00:00",38767,44535
"2026-03-03 08:10:00",38879,
"2026-03-03 08:20:00",39379,
"2026-03-03 08:30:00",39613,
"2026-03-03 08:40:00",39671,
"2026-03-03 08:50:00",39879,
"2026-03-03 09:00:00",40013,44473
"2026-03-03 09:10:00",40394,
"2026-03-03 09:20:00",40644,
"2026-03-03 09:30:00",40927,
"2026-03-03 09:40:00",40964,
"2026-03-03 09:50:00",41242,
"2026-03-03 10:00:00",41433,44397
"2026-03-03 10:10:00",41646,
"2026-03-03 10:20:00",41946,
"2026-03-03 10:30:00",42363,
"2026-03-03 10:40:00",42836,
"2026-03-03 10:50:00",43615,
"2026-03-03 11:00:00",44227,44320
"2026-03-03 11:10:00",44841,
"2026-03-03 11:20:00",45657,
"2026-03-03 11:30:00",46901,
"2026-03-03 11:40:00",48086,
"2026-03-03 11:50:00",49302,
"2026-03-03 12:00:00",50179,44218
"2026-03-03 12:10:00",51222,
"2026-03-03 12:20:00",52555,
"2026-03-03 12:30:00",53853,
"2026-03-03 12:40:00",55251,
"2026-03-03 12:50:00",56319,
"2026-03-03 13:00:00",57303,44102
"2026-03-03 13:10:00",58264,
"2026-03-03 13:20:00",59338,
"2026-03-03 13:30:00",60288,
"2026-03-03 13:40:00",60870,
"2026-03-03 13:50:00",61228,
"2026-03-03 14:00:00",61768,43988
"2026-03-03 14:10:00",62201,
"2026-03-03 14:20:00",62356,
"2026-03-03 14:30:00",62303,
"2026-03-03 14:40:00",61776,
"2026-03-03 14:50:00",61362,
"2026-03-03 15:00:00",60767,43873
"2026-03-03 15:10:00",59479,
"2026-03-03 15:20:00",58386,
"2026-03-03 15:30:00",57380,
"2026-03-03 15:40:00",56439,
"2026-03-03 15:50:00",55601,
"2026-03-03 16:00:00",54409,43774
"2026-03-03 16:10:00",53147,
"2026-03-03 16:20:00",52307,
"2026-03-03 16:30:00",51733,
"2026-03-03 16:40:00",50926,
"2026-03-03 16:50:00",49858,
"2026-03-03 17:00:00",49494,43655
"2026-03-03 17:10:00",49146,
"2026-03-03 17:20:00",48761,
"2026-03-03 17:30:00",48510,
"2026-03-03 17:40:00",48073,
"2026-03-03 17:50:00",47841,
"2026-03-03 18:00:00",47523,43554
"2026-03-03 18:10:00",47189,
"2026-03-03 18:20:00",46870,
"2026-03-03 18:30:00",46560,
"2026-03-03 18:40:00",46212,
"2026-03-03 18:50:00",46217,
"2026-03-03 19:00:00",45996,43467
"2026-03-03 19:10:00",45483,
"2026-03-03 19:20:00",44985,
"2026-03-03 19:30:00",44543,
"2026-03-03 19:40:00",44440,
"2026-03-03 19:50:00",44078,
"2026-03-03 20:00:00",43250,43391
"2026-03-03 20:10:00",42346,
"2026-03-03 20:20:00",41591,
"2026-03-03 20:30:00",41054,
"2026-03-03 20:40:00",40309,
"2026-03-03 20:50:00",39548,
"2026-03-03 21:00:00",38687,43324
"2026-03-03 21:10:00",37752,
"2026-03-03 21:20:00",36891,
"2026-03-03 21:30:00",36184,
"2026-03-03 21:40:00",35415,
"2026-03-03 21:50:00",34771,
"2026-03-03 22:00:00",34196,43275
"2026-03-03 22:10:00",33483,
"2026-03-03 22:20:00",33005,
"2026-03-03 22:30:00",32345,
"2026-03-03 22:40:00",31820,
"2026-03-03 22:50:00",31414,
"2026-03-03 23:00:00",31107,43246
"2026-03-03 23:10:00",15496,
"2026-03-03 23:20:00",29648,43246